P,platform,id,person,account,speaker,when,length,title,what_it_is,tags,status,local
P001,YouTube,-F9orJXMvR4,TV Senado,TV Senado,Tim Ballard (testifying; + other panelists),2025-05-20 12:43,2:03:05,CDH debate enfrentamento ao tráfico humano – 20/5/25,"Ballard's Brazilian Senate testimony; Hidden War promo ""Sound of Freedom II"" screened 13:24–13:48",ballard-as-guest; hidden-war; sof-2,live,youtube__-F9orJXMvR4
P002,YouTube,XAgNSNMkjik,Danny Tommo,Danny Tommo,?,2026-07-17 18:07,1:10,See you all tomorrow! 🇬🇧🤝🇺🇸,teaser for P003,ballard-as-guest; uk,live,youtube__XAgNSNMkjik
P003,YouTube,nqwKaDoyY4Q,Danny Tommo,Danny Tommo,Tim Ballard (guest),2026-07-21 12:33,14:37,Sound of Freedom to Hidden War: Tim Ballard Declares: UK Frontline in the Fight Against Ch…,"Ballard interview, UK",ballard-as-guest; hidden-war; uk,live,youtube__nqwKaDoyY4Q
P004,YouTube,e6-VRFOvGvU,Washington National Cathedral,Washington National Cathedral,Dallin H. Oaks,2026-09-16 19:01,1:40:50,"Faith, Freedom, and the Common Good with Dallin H. Oaks | 9.16.26",context; why it was pulled (09-18) not recorded,context-unverified; lds-leadership,live,youtube__e6-VRFOvGvU
P005,Instagram,DdaPUY2x8QM,Jason Preston,wearethepeopleutah,Jason Preston,2026-09-17 19:25,2:57,"TODAY WAS SIGNIFICANT. After nearly a year of litigation, we questioned Joe and Lee Bennion under oath…","FIRST public telling of the rumor: ""our state president has been removed, but I cannot verify yet""",stake-president-rumor; bennion-deposition; origin,live,instagram__DdaPUY2x8QM
P006,Facebook,4613324495655403,Jason Preston,We ARE the People,Jason Preston,2026-09-17 19:25,2:57,"TODAY WAS SIGNIFICANT. After nearly a year of litigation, we questioned Joe and Lee Bennion under oath…","= P005 (FB cross-post, same minute)",stake-president-rumor; bennion-deposition,live,facebook__4613324495655403
P007,YouTube,4hNRNZFOh1M,Jason Preston,We Are The People Utah,Jason Preston,2026-09-21 07:00,26:28,"""He Refused to Excommunicate Us. Then He Paid the Price""",Ballard plays its audio in V019 (same day),stake-president-rumor,live,youtube__4hNRNZFOh1M
P008,YouTube,9r59wR_0MHk,Latter-day Chad,Zion Media,Latter-day Chad,2026-09-21 22:22,1:17:01,BREAKING: They Excommunicated a Stake President for Refusing to Excommunicate Him-is Chad…,amplifies the rumor,stake-president-rumor,live,youtube__9r59wR_0MHk
P009,YouTube,ugQiIdaG3Y8,Watcher Palmer,Watcher Palmer,Watcher Palmer,2026-09-23 11:47,31:52,Did A Stake President Really Get Excommunicated?  Quiet Moments For The Non Essential.,questions the rumor,stake-president-rumor,live,youtube__ugQiIdaG3Y8
P010,YouTube,TjYtjAzLYsk,Jason Preston,We Are The People Utah,Jason Preston,2026-09-24 07:00,12:56,The Rumors Are Spreading. Here's What He Actually Told Us,"Ballard reposts it as V032/V042 ""Listen to Jason""",stake-president-rumor,live,youtube__TjYtjAzLYsk
P011,?,,Latter Day Chad,?,Latter Day Chad,≤ 2026-09-19,?,(not identified),the audio Ballard plays in V009 (09-19); source post not found yet,stake-president-rumor; placeholder,not downloaded,
P012,Instagram,DdcSqnmBnYe,Tim Ballard Foundation Ecuador,timballardfoundationecuador,"? (Spanish; interview with young people, not Ballard)",2026-09-18 14:29,2:36,"Tuvimos la oportunidad de compartir con jóvenes sobre una realidad que necesita ser hablada, comprendida y enfrentada: la trata de personas…","Ballard's foundation account, Ecuador",ballard-org; ecuador,live,instagram__DdcSqnmBnYe
