account,kind,orbit,orbit_size,posts
timballard89,fixed point,,1,492
timballardfoundationecuador,fixed point,,1,223
tbfrescue,fixed point,,1,179
hiddenwarmovie,fixed point,,1,24
F001,fixed point,,1,19
F002,fixed point,,1,11
F003,fixed point,,1,10
F004,fixed point,,1,8
latterdaychad,fixed point,,1,8
F005,fixed point,,1,8
F006,fixed point,,1,7
F007,fixed point,,1,7
F008,fixed point,,1,6
F009,fixed point,,1,6
F010,fixed point,,1,6
F011,fixed point,,1,6
F012,fixed point,,1,5
F013,fixed point,,1,5
F014,fixed point,,1,5
F015,fixed point,,1,5
F016,fixed point,,1,5
F017,fixed point,,1,4
F018,fixed point,,1,4
F019,fixed point,,1,4
F020,fixed point,,1,4
F021,fixed point,,1,4
F022,fixed point,,1,4
F023,fixed point,,1,4
F024,fixed point,,1,4
F025,fixed point,,1,3
F026,fixed point,,1,3
F027,fixed point,,1,3
F028,fixed point,,1,3
F029,fixed point,,1,3
F030,fixed point,,1,3
F031,fixed point,,1,3
F032,fixed point,,1,3
F033,fixed point,,1,3
F034,fixed point,,1,3
F035,fixed point,,1,3
F036,fixed point,,1,3
F037,fixed point,,1,2
F038,fixed point,,1,2
F039,fixed point,,1,2
F040,fixed point,,1,2
F041,fixed point,,1,2
F042,fixed point,,1,2
F043,fixed point,,1,2
F044,fixed point,,1,2
F045,fixed point,,1,2
F046,fixed point,,1,2
F047,fixed point,,1,2
F048,fixed point,,1,2
F049,fixed point,,1,2
F050,fixed point,,1,1
F051,fixed point,,1,1
F052,fixed point,,1,1
F053,fixed point,,1,1
F054,fixed point,,1,1
F055,fixed point,,1,1
F056,fixed point,,1,1
F057,fixed point,,1,1
F058,fixed point,,1,1
F059,fixed point,,1,1
F060,fixed point,,1,1
F061,fixed point,,1,1
F062,fixed point,,1,1
F063,fixed point,,1,1
F064,fixed point,,1,1
F065,fixed point,,1,1
F066,fixed point,,1,1
F067,fixed point,,1,1
F068,fixed point,,1,1
S001,interchangeable,O01,14,1
S002,interchangeable,O01,14,1
S003,interchangeable,O01,14,1
S004,interchangeable,O01,14,1
S005,interchangeable,O01,14,1
S006,interchangeable,O01,14,1
S007,interchangeable,O01,14,1
S008,interchangeable,O01,14,1
S009,interchangeable,O01,14,1
S010,interchangeable,O01,14,1
S011,interchangeable,O01,14,1
S012,interchangeable,O01,14,1
S013,interchangeable,O01,14,1
S014,interchangeable,O01,14,1
S015,interchangeable,O02,11,1
S016,interchangeable,O02,11,1
S017,interchangeable,O02,11,1
S018,interchangeable,O02,11,1
S019,interchangeable,O02,11,1
S020,interchangeable,O02,11,1
S021,interchangeable,O02,11,1
S022,interchangeable,O02,11,1
S023,interchangeable,O02,11,1
S024,interchangeable,O02,11,1
S025,interchangeable,O02,11,1
S026,interchangeable,O03,9,1
S027,interchangeable,O03,9,1
S028,interchangeable,O03,9,1
S029,interchangeable,O03,9,1
S030,interchangeable,O03,9,1
S031,interchangeable,O03,9,1
S032,interchangeable,O03,9,1
S033,interchangeable,O03,9,1
S034,interchangeable,O03,9,1
S035,interchangeable,O04,8,1
S036,interchangeable,O04,8,1
S037,interchangeable,O04,8,1
S038,interchangeable,O04,8,1
S039,interchangeable,O04,8,1
S040,interchangeable,O04,8,1
S041,interchangeable,O04,8,1
S042,interchangeable,O04,8,1
S043,interchangeable,O05,4,1
S044,interchangeable,O05,4,1
S045,interchangeable,O05,4,1
S046,interchangeable,O05,4,1
S047,interchangeable,O06,4,1
S048,interchangeable,O06,4,1
S049,interchangeable,O06,4,1
S050,interchangeable,O06,4,1
S051,interchangeable,O07,4,1
S052,interchangeable,O07,4,1
S053,interchangeable,O07,4,1
S054,interchangeable,O07,4,1
S055,interchangeable,O08,3,1
S056,interchangeable,O08,3,1
S057,interchangeable,O08,3,1
S058,interchangeable,O09,3,1
S059,interchangeable,O09,3,1
S060,interchangeable,O09,3,1
S061,interchangeable,O10,3,1
S062,interchangeable,O10,3,1
S063,interchangeable,O10,3,1
S064,interchangeable,O11,2,1
S065,interchangeable,O11,2,1
S066,interchangeable,O12,2,2
S067,interchangeable,O12,2,2
S068,interchangeable,O13,2,2
S069,interchangeable,O13,2,2
S070,interchangeable,O14,2,2
S071,interchangeable,O14,2,2
S072,interchangeable,O15,2,1
S073,interchangeable,O15,2,1
S074,interchangeable,O16,2,2
S075,interchangeable,O16,2,2
S076,interchangeable,O17,2,2
S077,interchangeable,O17,2,2
S078,interchangeable,O18,2,1
S079,interchangeable,O18,2,1
S080,interchangeable,O19,2,1
S081,interchangeable,O19,2,1
S082,interchangeable,O20,2,3
S083,interchangeable,O20,2,3
S084,interchangeable,O21,2,2
S085,interchangeable,O21,2,2
S086,interchangeable,O22,2,1
S087,interchangeable,O22,2,1
S088,interchangeable,O23,2,1
S089,interchangeable,O23,2,1
S090,interchangeable,O24,2,1
S091,interchangeable,O24,2,1
S092,interchangeable,O25,2,1
S093,interchangeable,O25,2,1
S094,interchangeable,O26,2,1
S095,interchangeable,O26,2,1
S096,interchangeable,O27,2,1
S097,interchangeable,O27,2,1
S098,interchangeable,O28,2,1
S099,interchangeable,O28,2,1
