shortcode,url,accounts (named anchors; F = other fixed point; S = interchangeable)
C9lHrIZhfoZ,https://www.instagram.com/p/C9lHrIZhfoZ/,timballard89 timballardfoundationecuador
C9mt_JvJcbB,https://www.instagram.com/p/C9mt_JvJcbB/,timballard89 timballardfoundationecuador
C9qoxZxtJDX,https://www.instagram.com/p/C9qoxZxtJDX/,timballard89 timballardfoundationecuador
C9vFcEYB9Dq,https://www.instagram.com/p/C9vFcEYB9Dq/,timballard89 timballardfoundationecuador
C91NvWHNiRv,https://www.instagram.com/p/C91NvWHNiRv/,timballard89 timballardfoundationecuador
C-IxlHeJ-Go,https://www.instagram.com/p/C-IxlHeJ-Go/,timballard89 timballardfoundationecuador
C-REmsSv2_l,https://www.instagram.com/p/C-REmsSv2_l/,S054 timballard89 timballardfoundationecuador
C_Vq4cQOzmv,https://www.instagram.com/p/C_Vq4cQOzmv/,timballard89 timballardfoundationecuador
DAhOvsFOIl-,https://www.instagram.com/p/DAhOvsFOIl-/,timballard89 timballardfoundationecuador
DCX7LZ_pQz0,https://www.instagram.com/p/DCX7LZ_pQz0/,S076 S077 timballard89 timballardfoundationecuador
DCX-kghJQy6,https://www.instagram.com/p/DCX-kghJQy6/,S076 S077 timballard89 timballardfoundationecuador
DLivtAEPizQ,https://www.instagram.com/p/DLivtAEPizQ/,F008 F011 timballard89 timballardfoundationecuador
DMQq6bzP1ki,https://www.instagram.com/p/DMQq6bzP1ki/,F008 F011 timballard89 timballardfoundationecuador
DMv5p4NPojZ,https://www.instagram.com/p/DMv5p4NPojZ/,timballard89 timballardfoundationecuador
DNBHDLVR2yC,https://www.instagram.com/p/DNBHDLVR2yC/,F008 F011 timballard89 timballardfoundationecuador
DNWgt9vvqr8,https://www.instagram.com/p/DNWgt9vvqr8/,F008 F011 timballard89 timballardfoundationecuador
DNZUfM-NXQR,https://www.instagram.com/p/DNZUfM-NXQR/,timballard89 timballardfoundationecuador
DNy6NgkXoA_,https://www.instagram.com/p/DNy6NgkXoA_/,F011 timballard89 timballardfoundationecuador
DOd21yjkSlF,https://www.instagram.com/p/DOd21yjkSlF/,F011 timballard89 timballardfoundationecuador
DOjzV95klhV,https://www.instagram.com/p/DOjzV95klhV/,tbfrescue timballard89
DOzy08VEbux,https://www.instagram.com/p/DOzy08VEbux/,tbfrescue timballard89
DO4ffxTkhLh,https://www.instagram.com/p/DO4ffxTkhLh/,tbfrescue timballard89
DPQJbtSAKNw,https://www.instagram.com/p/DPQJbtSAKNw/,tbfrescue timballard89
DPmNoI-ABEm,https://www.instagram.com/p/DPmNoI-ABEm/,tbfrescue timballard89
DPxU9x2DRzJ,https://www.instagram.com/p/DPxU9x2DRzJ/,hiddenwarmovie timballard89 timballardfoundationecuador
DPxZwjSjWkc,https://www.instagram.com/p/DPxZwjSjWkc/,timballard89 timballardfoundationecuador
DP2i6fXjfF_,https://www.instagram.com/p/DP2i6fXjfF_/,timballard89 timballardfoundationecuador
DP5MZ_ajPWv,https://www.instagram.com/p/DP5MZ_ajPWv/,F052 hiddenwarmovie timballard89
DP75AemDZbi,https://www.instagram.com/p/DP75AemDZbi/,timballard89 timballardfoundationecuador
DQHp7BDjVay,https://www.instagram.com/p/DQHp7BDjVay/,timballard89 timballardfoundationecuador
DQJCeHdDR9V,https://www.instagram.com/p/DQJCeHdDR9V/,S078 S079 hiddenwarmovie timballard89
DQUrrF9D4ei,https://www.instagram.com/p/DQUrrF9D4ei/,hiddenwarmovie timballard89
DQdH6yTjFRT,https://www.instagram.com/p/DQdH6yTjFRT/,hiddenwarmovie timballard89
DQdJzseDe7A,https://www.instagram.com/p/DQdJzseDe7A/,timballard89 timballardfoundationecuador
DQhDRF6DrFf,https://www.instagram.com/p/DQhDRF6DrFf/,hiddenwarmovie timballard89 timballardfoundationecuador
DQmlfVeABjb,https://www.instagram.com/p/DQmlfVeABjb/,timballard89 timballardfoundationecuador
DQuIqsCk2x3,https://www.instagram.com/p/DQuIqsCk2x3/,tbfrescue timballard89
DQu2gAwD27c,https://www.instagram.com/p/DQu2gAwD27c/,hiddenwarmovie timballard89
DQu6heejfCu,https://www.instagram.com/p/DQu6heejfCu/,F003 timballard89 timballardfoundationecuador
DQw2_HIgJEw,https://www.instagram.com/p/DQw2_HIgJEw/,F010 tbfrescue timballard89
DQxKNmsAYhI,https://www.instagram.com/p/DQxKNmsAYhI/,timballard89 timballardfoundationecuador
DQx-_TFDZT2,https://www.instagram.com/p/DQx-_TFDZT2/,timballard89 timballardfoundationecuador
DQx_KvsDdOK,https://www.instagram.com/p/DQx_KvsDdOK/,F003 timballard89 timballardfoundationecuador
DQzgP_JjeNr,https://www.instagram.com/p/DQzgP_JjeNr/,tbfrescue timballard89
DQ2hmuIksux,https://www.instagram.com/p/DQ2hmuIksux/,S003 S008 timballard89
DQ3HUbZjetY,https://www.instagram.com/p/DQ3HUbZjetY/,F003 timballard89 timballardfoundationecuador
DQ3IlVDjVmH,https://www.instagram.com/p/DQ3IlVDjVmH/,F003 F033 timballard89 timballardfoundationecuador
DQ4LKQEjcev,https://www.instagram.com/p/DQ4LKQEjcev/,F003 timballard89 timballardfoundationecuador
DQ4p0omgR36,https://www.instagram.com/p/DQ4p0omgR36/,timballard89 timballardfoundationecuador
DQ4p84diGYR,https://www.instagram.com/p/DQ4p84diGYR/,tbfrescue timballard89
DQ5c38ZDJsi,https://www.instagram.com/p/DQ5c38ZDJsi/,F002 hiddenwarmovie timballard89
DQ7MBjBCJge,https://www.instagram.com/p/DQ7MBjBCJge/,F024 timballard89
DQ7N-sJj7mY,https://www.instagram.com/p/DQ7N-sJj7mY/,F002 hiddenwarmovie timballard89
DQ7WpbvAZSM,https://www.instagram.com/p/DQ7WpbvAZSM/,F003 F033 timballard89 timballardfoundationecuador
DQ9aDd9DGEl,https://www.instagram.com/p/DQ9aDd9DGEl/,F045 F068 timballard89
DQ9lo07DpFo,https://www.instagram.com/p/DQ9lo07DpFo/,F002 hiddenwarmovie timballard89
DQ94HdRDxDU,https://www.instagram.com/p/DQ94HdRDxDU/,F002 hiddenwarmovie timballard89
DQ96YXmiObW,https://www.instagram.com/p/DQ96YXmiObW/,tbfrescue timballard89
DQ-MJrTkvTX,https://www.instagram.com/p/DQ-MJrTkvTX/,F045 timballard89
DQ-e-5hkWM4,https://www.instagram.com/p/DQ-e-5hkWM4/,timballard89 timballardfoundationecuador
DQ-4yMIDemq,https://www.instagram.com/p/DQ-4yMIDemq/,F003 timballard89 timballardfoundationecuador
DQ-8fobDQ3u,https://www.instagram.com/p/DQ-8fobDQ3u/,F003 timballard89 timballardfoundationecuador
DQ_ssrJjdDj,https://www.instagram.com/p/DQ_ssrJjdDj/,timballard89 timballardfoundationecuador
DQ_-lLhDqWz,https://www.instagram.com/p/DQ_-lLhDqWz/,F002 hiddenwarmovie timballard89
DRADxCnDRh3,https://www.instagram.com/p/DRADxCnDRh3/,F003 timballard89 timballardfoundationecuador
DRAdxpvD9wS,https://www.instagram.com/p/DRAdxpvD9wS/,F002 hiddenwarmovie timballard89
DRA5ObaEhms,https://www.instagram.com/p/DRA5ObaEhms/,tbfrescue timballard89
DRBXcIGDcPj,https://www.instagram.com/p/DRBXcIGDcPj/,S047 S049 timballard89 timballardfoundationecuador
DRCRDtdDlN0,https://www.instagram.com/p/DRCRDtdDlN0/,F004 F032 timballard89
DRCfYKAjYHj,https://www.instagram.com/p/DRCfYKAjYHj/,F003 timballard89 timballardfoundationecuador
DRCrlFLDvaY,https://www.instagram.com/p/DRCrlFLDvaY/,F002 hiddenwarmovie timballard89
DRDA6j5DncK,https://www.instagram.com/p/DRDA6j5DncK/,F030 hiddenwarmovie timballard89
DRDMlGiiX5u,https://www.instagram.com/p/DRDMlGiiX5u/,F004 F063 hiddenwarmovie timballard89
DRDRrfcghsN,https://www.instagram.com/p/DRDRrfcghsN/,hiddenwarmovie timballard89
DRDiTx0D0F9,https://www.instagram.com/p/DRDiTx0D0F9/,hiddenwarmovie timballard89
DRDnfwgDYCv,https://www.instagram.com/p/DRDnfwgDYCv/,timballard89 timballardfoundationecuador
DRFBfxYiPgb,https://www.instagram.com/p/DRFBfxYiPgb/,F010 F024 timballard89
DRHKqnBiKwk,https://www.instagram.com/p/DRHKqnBiKwk/,F024 timballard89
DRITtzcD8QO,https://www.instagram.com/p/DRITtzcD8QO/,F002 F004 hiddenwarmovie timballard89
DRLL0ylj6hH,https://www.instagram.com/p/DRLL0ylj6hH/,F004 hiddenwarmovie timballard89
DRNw4KUD4PJ,https://www.instagram.com/p/DRNw4KUD4PJ/,F002 F004 hiddenwarmovie timballard89
DRN2U4nkbjU,https://www.instagram.com/p/DRN2U4nkbjU/,F002 S058 S059 S060 timballard89
DRPW7C1DSXQ,https://www.instagram.com/p/DRPW7C1DSXQ/,F010 F015 timballard89
DRPny0jlP9-,https://www.instagram.com/p/DRPny0jlP9-/,hiddenwarmovie timballard89
DRPonOpCFqW,https://www.instagram.com/p/DRPonOpCFqW/,F010 timballard89
DRP2KeUEjWK,https://www.instagram.com/p/DRP2KeUEjWK/,tbfrescue timballard89
DRR8KE8DkIh,https://www.instagram.com/p/DRR8KE8DkIh/,F032 S096 S097 timballard89
DRTOO9GDIKj,https://www.instagram.com/p/DRTOO9GDIKj/,F002 F004 hiddenwarmovie timballard89
DRVhr48CbZu,https://www.instagram.com/p/DRVhr48CbZu/,F007 S090 S091 timballard89
DRcusAqFzil,https://www.instagram.com/p/DRcusAqFzil/,tbfrescue timballard89
DRdLRLCEknf,https://www.instagram.com/p/DRdLRLCEknf/,tbfrescue timballard89
DRfN0KxEXJt,https://www.instagram.com/p/DRfN0KxEXJt/,F004 F032 timballard89
DRfTZ_oDPff,https://www.instagram.com/p/DRfTZ_oDPff/,F014 timballard89
DRfYppdAYe_,https://www.instagram.com/p/DRfYppdAYe_/,tbfrescue timballard89
DRiVDl-gKQt,https://www.instagram.com/p/DRiVDl-gKQt/,S016 timballard89
DRkNpo5DbbK,https://www.instagram.com/p/DRkNpo5DbbK/,tbfrescue timballard89
DRmy_KzjSHI,https://www.instagram.com/p/DRmy_KzjSHI/,F014 timballard89
DRpeGobjRzF,https://www.instagram.com/p/DRpeGobjRzF/,tbfrescue timballard89
DRuoEbQkeE1,https://www.instagram.com/p/DRuoEbQkeE1/,F006 timballard89
DRuzWx6Ek1P,https://www.instagram.com/p/DRuzWx6Ek1P/,F006 timballard89
DRu4YfREab2,https://www.instagram.com/p/DRu4YfREab2/,F014 timballard89
DRvCzNnCb-Q,https://www.instagram.com/p/DRvCzNnCb-Q/,F006 timballard89
DRvFFFpAKka,https://www.instagram.com/p/DRvFFFpAKka/,F006 F018 timballard89
DRw-UduAN7d,https://www.instagram.com/p/DRw-UduAN7d/,F018 timballard89
DRxFsP7EQqf,https://www.instagram.com/p/DRxFsP7EQqf/,tbfrescue timballard89
DRxQIJbEUfu,https://www.instagram.com/p/DRxQIJbEUfu/,F006 timballard89
DRx1qIwiWYk,https://www.instagram.com/p/DRx1qIwiWYk/,F006 F018 timballard89
DRzfoPojYC8,https://www.instagram.com/p/DRzfoPojYC8/,F018 timballard89
DR0H-VlETvg,https://www.instagram.com/p/DR0H-VlETvg/,F006 F014 timballard89
DR0jDvQETyz,https://www.instagram.com/p/DR0jDvQETyz/,tbfrescue timballard89
DR2kiwZkjSv,https://www.instagram.com/p/DR2kiwZkjSv/,F004 timballard89 timballardfoundationecuador
DR5XjZCEvx4,https://www.instagram.com/p/DR5XjZCEvx4/,S004 S005 timballard89
DR-1LXUDVJd,https://www.instagram.com/p/DR-1LXUDVJd/,timballard89 timballardfoundationecuador
DSF5uV8jnYK,https://www.instagram.com/p/DSF5uV8jnYK/,hiddenwarmovie tbfrescue timballard89
DSLDRrmgcfV,https://www.instagram.com/p/DSLDRrmgcfV/,tbfrescue timballard89
DSLnaRZEvgH,https://www.instagram.com/p/DSLnaRZEvgH/,S074 tbfrescue timballard89
DSLwa9ll00y,https://www.instagram.com/p/DSLwa9ll00y/,S074 tbfrescue timballard89
DSb_JNDCEKC,https://www.instagram.com/p/DSb_JNDCEKC/,F041 timballard89
DSc3JfMiCIz,https://www.instagram.com/p/DSc3JfMiCIz/,tbfrescue timballard89
DSiz-9Tkp-f,https://www.instagram.com/p/DSiz-9Tkp-f/,tbfrescue timballard89
DSkzOUvjygS,https://www.instagram.com/p/DSkzOUvjygS/,tbfrescue timballard89
DSoOCfhkTcU,https://www.instagram.com/p/DSoOCfhkTcU/,tbfrescue timballard89
DSp81JLgZ3G,https://www.instagram.com/p/DSp81JLgZ3G/,tbfrescue timballard89
DSqFNEKiMJv,https://www.instagram.com/p/DSqFNEKiMJv/,F010 timballard89
DSsT7VGj8rz,https://www.instagram.com/p/DSsT7VGj8rz/,tbfrescue timballard89
DS43U7hDa0P,https://www.instagram.com/p/DS43U7hDa0P/,S024 timballard89
DS7-ZobkTo8,https://www.instagram.com/p/DS7-ZobkTo8/,tbfrescue timballard89
DS-TcKtADpH,https://www.instagram.com/p/DS-TcKtADpH/,tbfrescue timballard89
DTJBQy4kncf,https://www.instagram.com/p/DTJBQy4kncf/,tbfrescue timballard89
DTLG9gjDLbG,https://www.instagram.com/p/DTLG9gjDLbG/,F037 S043 S044 timballard89
DTLbK7aldye,https://www.instagram.com/p/DTLbK7aldye/,tbfrescue timballard89
DTQkwwUjFX7,https://www.instagram.com/p/DTQkwwUjFX7/,tbfrescue timballard89
DTTJlZ9j79C,https://www.instagram.com/p/DTTJlZ9j79C/,tbfrescue timballard89
DTVuWYyD3Vy,https://www.instagram.com/p/DTVuWYyD3Vy/,tbfrescue timballard89
DTgBimCDtM8,https://www.instagram.com/p/DTgBimCDtM8/,tbfrescue timballard89
DTlLIODEVpP,https://www.instagram.com/p/DTlLIODEVpP/,tbfrescue timballard89
DTmNeGijQ5V,https://www.instagram.com/p/DTmNeGijQ5V/,timballard89 timballardfoundationecuador
DTs5hUvD4i5,https://www.instagram.com/p/DTs5hUvD4i5/,tbfrescue timballard89
DTzONVdjbZu,https://www.instagram.com/p/DTzONVdjbZu/,timballard89 timballardfoundationecuador
DTzPyGvDS0x,https://www.instagram.com/p/DTzPyGvDS0x/,timballard89 timballardfoundationecuador
DTzUlfujekX,https://www.instagram.com/p/DTzUlfujekX/,F033 timballard89 timballardfoundationecuador
DTzVn3YjXEO,https://www.instagram.com/p/DTzVn3YjXEO/,timballard89 timballardfoundationecuador
DT0HcILjYD8,https://www.instagram.com/p/DT0HcILjYD8/,timballard89 timballardfoundationecuador
DT0vHdFgSa7,https://www.instagram.com/p/DT0vHdFgSa7/,timballard89 timballardfoundationecuador
DT0wMc7kY0t,https://www.instagram.com/p/DT0wMc7kY0t/,tbfrescue timballard89 timballardfoundationecuador
DT0-8-WgYKs,https://www.instagram.com/p/DT0-8-WgYKs/,timballard89 timballardfoundationecuador
DT1NnXRAQyK,https://www.instagram.com/p/DT1NnXRAQyK/,timballard89 timballardfoundationecuador
DT1q4iCjQoE,https://www.instagram.com/p/DT1q4iCjQoE/,timballard89 timballardfoundationecuador
DT3Msgnjr4j,https://www.instagram.com/p/DT3Msgnjr4j/,tbfrescue timballard89
DT3XQCggXU3,https://www.instagram.com/p/DT3XQCggXU3/,S085 timballard89 timballardfoundationecuador
DT3wIiLDCpG,https://www.instagram.com/p/DT3wIiLDCpG/,F037 S045 S046 timballard89
DT3_Vk2jUpP,https://www.instagram.com/p/DT3_Vk2jUpP/,S085 tbfrescue timballard89 timballardfoundationecuador
DT570lwAQv3,https://www.instagram.com/p/DT570lwAQv3/,tbfrescue timballard89 timballardfoundationecuador
DT6mwXBjjPA,https://www.instagram.com/p/DT6mwXBjjPA/,tbfrescue timballard89 timballardfoundationecuador
DT7P-l5DTZh,https://www.instagram.com/p/DT7P-l5DTZh/,S029 S031 S032 timballard89
DT8jZQ_EjuD,https://www.instagram.com/p/DT8jZQ_EjuD/,tbfrescue timballard89
DT8wwHHAaiY,https://www.instagram.com/p/DT8wwHHAaiY/,timballard89 timballardfoundationecuador
DT9PW47jSEo,https://www.instagram.com/p/DT9PW47jSEo/,timballard89 timballardfoundationecuador
DT-sTlqDQod,https://www.instagram.com/p/DT-sTlqDQod/,timballard89 timballardfoundationecuador
DT-7Ecdjz18,https://www.instagram.com/p/DT-7Ecdjz18/,tbfrescue timballard89
DT_75imjdbg,https://www.instagram.com/p/DT_75imjdbg/,timballard89 timballardfoundationecuador
DT_9ybcjZkL,https://www.instagram.com/p/DT_9ybcjZkL/,timballard89 timballardfoundationecuador
DUB5N9MgXWg,https://www.instagram.com/p/DUB5N9MgXWg/,timballard89 timballardfoundationecuador
DUB7t0bCnxW,https://www.instagram.com/p/DUB7t0bCnxW/,tbfrescue timballard89 timballardfoundationecuador
DUCkZECDSGa,https://www.instagram.com/p/DUCkZECDSGa/,timballard89 timballardfoundationecuador
DUCkml1DTZg,https://www.instagram.com/p/DUCkml1DTZg/,timballard89 timballardfoundationecuador
DUCmKesDeM5,https://www.instagram.com/p/DUCmKesDeM5/,timballard89 timballardfoundationecuador
DUDjasKDaed,https://www.instagram.com/p/DUDjasKDaed/,timballard89 timballardfoundationecuador
DUEEqbZkttP,https://www.instagram.com/p/DUEEqbZkttP/,tbfrescue timballard89
DUEi5VvCK0N,https://www.instagram.com/p/DUEi5VvCK0N/,F024 F064 timballard89
DUFVbn3jYBl,https://www.instagram.com/p/DUFVbn3jYBl/,timballard89 timballardfoundationecuador
DUGBB2Ajer4,https://www.instagram.com/p/DUGBB2Ajer4/,timballard89 timballardfoundationecuador
DUG5v4Fgf1u,https://www.instagram.com/p/DUG5v4Fgf1u/,timballard89 timballardfoundationecuador
DULzCntD1Tk,https://www.instagram.com/p/DULzCntD1Tk/,tbfrescue timballard89
DUMKIe8kgmC,https://www.instagram.com/p/DUMKIe8kgmC/,F014 timballard89
DUOTAbxDWSi,https://www.instagram.com/p/DUOTAbxDWSi/,timballard89 timballardfoundationecuador
DUWtbtdkWbj,https://www.instagram.com/p/DUWtbtdkWbj/,timballard89 timballardfoundationecuador
DUW8Js9jOKf,https://www.instagram.com/p/DUW8Js9jOKf/,tbfrescue timballard89
DUY2bHlAQYR,https://www.instagram.com/p/DUY2bHlAQYR/,timballard89 timballardfoundationecuador
DUobD9pgDBr,https://www.instagram.com/p/DUobD9pgDBr/,F013 F022 F026 timballard89
DUp7W4jjEck,https://www.instagram.com/p/DUp7W4jjEck/,F013 F026 timballard89
DUtZeiSjz1V,https://www.instagram.com/p/DUtZeiSjz1V/,F039 timballard89
DU03_dYDOAi,https://www.instagram.com/p/DU03_dYDOAi/,F013 F022 F026 F058 timballard89
DU1vILFDOBR,https://www.instagram.com/p/DU1vILFDOBR/,F039 timballard89
DU5tCKGAQDQ,https://www.instagram.com/p/DU5tCKGAQDQ/,F019 F029 F049 latterdaychad timballard89
DU7BW7bjR00,https://www.instagram.com/p/DU7BW7bjR00/,F001 timballard89 timballardfoundationecuador
DU7FhLEjdBG,https://www.instagram.com/p/DU7FhLEjdBG/,timballard89 timballardfoundationecuador
DU7GayLjcWR,https://www.instagram.com/p/DU7GayLjcWR/,F001 timballard89 timballardfoundationecuador
DU7Qg4iDUuw,https://www.instagram.com/p/DU7Qg4iDUuw/,timballard89 timballardfoundationecuador
DU8ZCaAjdPV,https://www.instagram.com/p/DU8ZCaAjdPV/,timballard89 timballardfoundationecuador
DU8nAegjTpQ,https://www.instagram.com/p/DU8nAegjTpQ/,timballard89 timballardfoundationecuador
DU8_rGvAYiL,https://www.instagram.com/p/DU8_rGvAYiL/,timballard89 timballardfoundationecuador
DU9Aq_WARyO,https://www.instagram.com/p/DU9Aq_WARyO/,timballard89 timballardfoundationecuador
DU_DpXzgafm,https://www.instagram.com/p/DU_DpXzgafm/,F016 F019 F049 latterdaychad timballard89
DU_3REIj-CY,https://www.instagram.com/p/DU_3REIj-CY/,tbfrescue timballard89
DVC61j0gVvk,https://www.instagram.com/p/DVC61j0gVvk/,F016 F019 F061 latterdaychad timballard89
DVGj5LJjS9F,https://www.instagram.com/p/DVGj5LJjS9F/,timballard89 timballardfoundationecuador
DVHHhRrACSh,https://www.instagram.com/p/DVHHhRrACSh/,F020 F036 timballard89
DVHPDXsgVDK,https://www.instagram.com/p/DVHPDXsgVDK/,tbfrescue timballard89
DVHfeBiAXeu,https://www.instagram.com/p/DVHfeBiAXeu/,timballard89 timballardfoundationecuador
DVJamLXDDjf,https://www.instagram.com/p/DVJamLXDDjf/,F020 F036 timballard89
DVJnhBCCbuF,https://www.instagram.com/p/DVJnhBCCbuF/,tbfrescue timballard89
DVJz2BGgTfb,https://www.instagram.com/p/DVJz2BGgTfb/,tbfrescue timballard89
DVMDNEjgf3v,https://www.instagram.com/p/DVMDNEjgf3v/,F016 F019 F029 latterdaychad timballard89
DVMoIPVjyrk,https://www.instagram.com/p/DVMoIPVjyrk/,tbfrescue timballard89
DVOuxYvk_g7,https://www.instagram.com/p/DVOuxYvk_g7/,tbfrescue timballard89
DVPxggnDRJG,https://www.instagram.com/p/DVPxggnDRJG/,timballard89 timballardfoundationecuador
DVQ8v4FDeM7,https://www.instagram.com/p/DVQ8v4FDeM7/,F001 timballard89 timballardfoundationecuador
DVRGejpDZwo,https://www.instagram.com/p/DVRGejpDZwo/,F001 timballard89 timballardfoundationecuador
DVRUonXjbRN,https://www.instagram.com/p/DVRUonXjbRN/,tbfrescue timballard89
DVSbxEPjWDF,https://www.instagram.com/p/DVSbxEPjWDF/,timballard89 timballardfoundationecuador
DVTssIqjbhB,https://www.instagram.com/p/DVTssIqjbhB/,timballard89 timballardfoundationecuador
DVUHCNjE1vH,https://www.instagram.com/p/DVUHCNjE1vH/,tbfrescue timballard89
DVUZxz2Acn6,https://www.instagram.com/p/DVUZxz2Acn6/,timballard89 timballardfoundationecuador
DVVHc4QjXjd,https://www.instagram.com/p/DVVHc4QjXjd/,F001 timballard89 timballardfoundationecuador
DVWeP_oiflj,https://www.instagram.com/p/DVWeP_oiflj/,timballard89 timballardfoundationecuador
DVZRwZdgEvQ,https://www.instagram.com/p/DVZRwZdgEvQ/,tbfrescue timballard89
DVZhBoOk_KJ,https://www.instagram.com/p/DVZhBoOk_KJ/,tbfrescue timballard89
DVboPfHiT0G,https://www.instagram.com/p/DVboPfHiT0G/,timballard89 timballardfoundationecuador
DVbwJZuk9W0,https://www.instagram.com/p/DVbwJZuk9W0/,tbfrescue timballard89
DVbyDaOk6X6,https://www.instagram.com/p/DVbyDaOk6X6/,tbfrescue timballard89
DVePIerlNla,https://www.instagram.com/p/DVePIerlNla/,tbfrescue timballard89
DVg5BaJDBqw,https://www.instagram.com/p/DVg5BaJDBqw/,tbfrescue timballard89
DVjTLqQExmX,https://www.instagram.com/p/DVjTLqQExmX/,tbfrescue timballard89
DVj1cPRAaEX,https://www.instagram.com/p/DVj1cPRAaEX/,S052 timballard89 timballardfoundationecuador
DVkIHXyDWvL,https://www.instagram.com/p/DVkIHXyDWvL/,timballard89 timballardfoundationecuador
DVoNfj1DYbT,https://www.instagram.com/p/DVoNfj1DYbT/,timballard89 timballardfoundationecuador
DVoVY50jbsc,https://www.instagram.com/p/DVoVY50jbsc/,F001 timballard89 timballardfoundationecuador
DVrFwg0Ezh2,https://www.instagram.com/p/DVrFwg0Ezh2/,tbfrescue timballard89
DVt3kzvE8f9,https://www.instagram.com/p/DVt3kzvE8f9/,tbfrescue timballard89
DVy7vTWk77Z,https://www.instagram.com/p/DVy7vTWk77Z/,tbfrescue timballard89
DV1UWp_j8oF,https://www.instagram.com/p/DV1UWp_j8oF/,tbfrescue timballard89
DV1Wxz2D43c,https://www.instagram.com/p/DV1Wxz2D43c/,tbfrescue timballard89
DV2H6yMjdP0,https://www.instagram.com/p/DV2H6yMjdP0/,timballard89 timballardfoundationecuador
DV4E_7plEfz,https://www.instagram.com/p/DV4E_7plEfz/,timballard89 timballardfoundationecuador
DWAn_ESDp40,https://www.instagram.com/p/DWAn_ESDp40/,timballard89 timballardfoundationecuador
DWCVNHwDubZ,https://www.instagram.com/p/DWCVNHwDubZ/,tbfrescue timballard89
DWHFFlCCR_A,https://www.instagram.com/p/DWHFFlCCR_A/,tbfrescue timballard89
DWIGxLVjRMy,https://www.instagram.com/p/DWIGxLVjRMy/,timballard89 timballardfoundationecuador
DWJMjnADCLl,https://www.instagram.com/p/DWJMjnADCLl/,F013 F036 timballard89
DWKGg0BgG7Y,https://www.instagram.com/p/DWKGg0BgG7Y/,F013 timballard89
DWO1rMNEhkp,https://www.instagram.com/p/DWO1rMNEhkp/,tbfrescue timballard89
DWRxgQiDnw7,https://www.instagram.com/p/DWRxgQiDnw7/,tbfrescue timballard89
DWSl2vLCY7x,https://www.instagram.com/p/DWSl2vLCY7x/,tbfrescue timballard89
DWUOEN1DlWp,https://www.instagram.com/p/DWUOEN1DlWp/,tbfrescue timballard89
DWWyoPTk6Lr,https://www.instagram.com/p/DWWyoPTk6Lr/,tbfrescue timballard89
DWW5C3FoBlT,https://www.instagram.com/p/DWW5C3FoBlT/,tbfrescue timballard89
DWXQwXXBCiR,https://www.instagram.com/p/DWXQwXXBCiR/,timballard89 timballardfoundationecuador
DWZXJrCgKvT,https://www.instagram.com/p/DWZXJrCgKvT/,tbfrescue timballard89 timballardfoundationecuador
DWZv-ylgLQU,https://www.instagram.com/p/DWZv-ylgLQU/,F020 timballard89
DWaBnBfjGpC,https://www.instagram.com/p/DWaBnBfjGpC/,F020 timballard89
DWhOINgDwip,https://www.instagram.com/p/DWhOINgDwip/,F029 F047 F062 latterdaychad timballard89
DWjqhptAdRG,https://www.instagram.com/p/DWjqhptAdRG/,tbfrescue timballard89 timballardfoundationecuador
DWlyIKmjbB1,https://www.instagram.com/p/DWlyIKmjbB1/,tbfrescue timballard89
DWmTcYBjiUE,https://www.instagram.com/p/DWmTcYBjiUE/,tbfrescue timballard89 timballardfoundationecuador
DWouZqBkwFX,https://www.instagram.com/p/DWouZqBkwFX/,tbfrescue timballard89 timballardfoundationecuador
DWrRqbUE1l5,https://www.instagram.com/p/DWrRqbUE1l5/,tbfrescue timballard89 timballardfoundationecuador
DW5nHNJjZKn,https://www.instagram.com/p/DW5nHNJjZKn/,timballard89 timballardfoundationecuador
DW6_jsrk69z,https://www.instagram.com/p/DW6_jsrk69z/,tbfrescue timballard89
DW99EnrgVYo,https://www.instagram.com/p/DW99EnrgVYo/,S061 S062 S063 latterdaychad timballard89
DW_WdLciOyv,https://www.instagram.com/p/DW_WdLciOyv/,S010 S012 timballard89
DXFJU_YjxqK,https://www.instagram.com/p/DXFJU_YjxqK/,tbfrescue timballard89
DXH3EzQjJSs,https://www.instagram.com/p/DXH3EzQjJSs/,S026 S028 S030 timballard89
DXMvJnek0ur,https://www.instagram.com/p/DXMvJnek0ur/,tbfrescue timballard89
DXM7S1akdFE,https://www.instagram.com/p/DXM7S1akdFE/,timballard89 timballardfoundationecuador
DXM9fVYx_XR,https://www.instagram.com/p/DXM9fVYx_XR/,timballard89 timballardfoundationecuador
DXPiwDhE9QQ,https://www.instagram.com/p/DXPiwDhE9QQ/,tbfrescue timballard89
DXQTcYlgZ5c,https://www.instagram.com/p/DXQTcYlgZ5c/,F016 F044 F047 latterdaychad timballard89
DXSFMbdjQjE,https://www.instagram.com/p/DXSFMbdjQjE/,tbfrescue timballard89
DXWoQcetvAr,https://www.instagram.com/p/DXWoQcetvAr/,timballard89 timballardfoundationecuador
DXW6KW2DXju,https://www.instagram.com/p/DXW6KW2DXju/,timballard89 timballardfoundationecuador
DXXGJq2EyAV,https://www.instagram.com/p/DXXGJq2EyAV/,tbfrescue timballard89
DXXQ6fZkWAX,https://www.instagram.com/p/DXXQ6fZkWAX/,S035 S037 S039 S041 timballard89
DXZxC4bn6jU,https://www.instagram.com/p/DXZxC4bn6jU/,tbfrescue timballard89
DXcaOOEE8uL,https://www.instagram.com/p/DXcaOOEE8uL/,tbfrescue timballard89 timballardfoundationecuador
DXcuihOBYpQ,https://www.instagram.com/p/DXcuihOBYpQ/,F001 timballard89 timballardfoundationecuador
DXe6gjNDzBD,https://www.instagram.com/p/DXe6gjNDzBD/,tbfrescue timballard89
DXhf_bInIRv,https://www.instagram.com/p/DXhf_bInIRv/,tbfrescue timballard89 timballardfoundationecuador
DXmz-oSDFXB,https://www.instagram.com/p/DXmz-oSDFXB/,tbfrescue timballard89 timballardfoundationecuador
DXpM4JDE3wF,https://www.instagram.com/p/DXpM4JDE3wF/,tbfrescue timballard89
DXpVKjGkSQd,https://www.instagram.com/p/DXpVKjGkSQd/,timballard89 timballardfoundationecuador
DXuWtthmCFs,https://www.instagram.com/p/DXuWtthmCFs/,tbfrescue timballard89
DXw6cVtsXDR,https://www.instagram.com/p/DXw6cVtsXDR/,tbfrescue timballard89
DXxE2vUkcV5,https://www.instagram.com/p/DXxE2vUkcV5/,F001 timballard89 timballardfoundationecuador
DX147KoNC1s,https://www.instagram.com/p/DX147KoNC1s/,timballard89 timballardfoundationecuador
DX5oVNkDQdW,https://www.instagram.com/p/DX5oVNkDQdW/,timballard89 timballardfoundationecuador
DX7PhKik--m,https://www.instagram.com/p/DX7PhKik--m/,tbfrescue timballard89
DX7iZQXhzZT,https://www.instagram.com/p/DX7iZQXhzZT/,F001 timballard89 timballardfoundationecuador
DX9hM2iBNly,https://www.instagram.com/p/DX9hM2iBNly/,tbfrescue timballard89
DYAWCxsxYU8,https://www.instagram.com/p/DYAWCxsxYU8/,S019 timballard89
DYAXSArE52A,https://www.instagram.com/p/DYAXSArE52A/,tbfrescue timballard89
DYAbWvpk9Ws,https://www.instagram.com/p/DYAbWvpk9Ws/,tbfrescue timballard89 timballardfoundationecuador
DYFmYmBhOZ5,https://www.instagram.com/p/DYFmYmBhOZ5/,tbfrescue timballard89 timballardfoundationecuador
DYKZ8Gqk4_Z,https://www.instagram.com/p/DYKZ8Gqk4_Z/,tbfrescue timballard89
DYNVZt_kyuW,https://www.instagram.com/p/DYNVZt_kyuW/,tbfrescue timballard89
DYP0DGvE7Bs,https://www.instagram.com/p/DYP0DGvE7Bs/,tbfrescue timballard89
DYSdLOUwFov,https://www.instagram.com/p/DYSdLOUwFov/,tbfrescue timballard89 timballardfoundationecuador
DYVSqcjE420,https://www.instagram.com/p/DYVSqcjE420/,tbfrescue timballard89
DYVWrviAXt2,https://www.instagram.com/p/DYVWrviAXt2/,timballard89 timballardfoundationecuador
DYVYai7BY6p,https://www.instagram.com/p/DYVYai7BY6p/,timballard89 timballardfoundationecuador
DYVb_kGFKVK,https://www.instagram.com/p/DYVb_kGFKVK/,F001 timballard89 timballardfoundationecuador
DYViIVnNEPp,https://www.instagram.com/p/DYViIVnNEPp/,timballard89 timballardfoundationecuador
DYW_-Q3to-v,https://www.instagram.com/p/DYW_-Q3to-v/,F001 timballard89 timballardfoundationecuador
DYXjUx9EyE3,https://www.instagram.com/p/DYXjUx9EyE3/,tbfrescue timballard89
DYYPGYThbql,https://www.instagram.com/p/DYYPGYThbql/,F016 F044 S080 S081 timballard89
DYaIFJFOVDv,https://www.instagram.com/p/DYaIFJFOVDv/,tbfrescue timballard89
DYh6c8Yk00C,https://www.instagram.com/p/DYh6c8Yk00C/,S075 tbfrescue timballard89
DYiaCnREwu7,https://www.instagram.com/p/DYiaCnREwu7/,tbfrescue timballard89
DYkmne_xD0v,https://www.instagram.com/p/DYkmne_xD0v/,F001 timballard89 timballardfoundationecuador
DYkpujnPlGs,https://www.instagram.com/p/DYkpujnPlGs/,tbfrescue timballard89
DYmni9bBhwE,https://www.instagram.com/p/DYmni9bBhwE/,F034 timballard89
DYm1hbbOY51,https://www.instagram.com/p/DYm1hbbOY51/,F034 S064 S065 timballard89
DYniDr3RE9v,https://www.instagram.com/p/DYniDr3RE9v/,F034 F056 timballard89
DYp3m06EzkT,https://www.instagram.com/p/DYp3m06EzkT/,tbfrescue timballard89 timballardfoundationecuador
DYsKi2llOTr,https://www.instagram.com/p/DYsKi2llOTr/,timballard89 timballardfoundationecuador
DYuwptFk7n0,https://www.instagram.com/p/DYuwptFk7n0/,tbfrescue timballard89
DYxck8Lkx_f,https://www.instagram.com/p/DYxck8Lkx_f/,tbfrescue timballard89
DYxvWYBsNjO,https://www.instagram.com/p/DYxvWYBsNjO/,tbfrescue timballard89 timballardfoundationecuador
DYzGBvmREL1,https://www.instagram.com/p/DYzGBvmREL1/,F015 F054 timballard89
DYzTzsOxMEC,https://www.instagram.com/p/DYzTzsOxMEC/,F001 timballard89 timballardfoundationecuador
DYzZmBukQ2v,https://www.instagram.com/p/DYzZmBukQ2v/,F001 timballard89 timballardfoundationecuador
DY0NST4j_R-,https://www.instagram.com/p/DY0NST4j_R-/,S018 timballard89
DY0TPMwuYQc,https://www.instagram.com/p/DY0TPMwuYQc/,tbfrescue timballard89 timballardfoundationecuador
DY2kqteiQqQ,https://www.instagram.com/p/DY2kqteiQqQ/,F007 timballard89
DY2qwbwtYBi,https://www.instagram.com/p/DY2qwbwtYBi/,tbfrescue timballard89
DY3JAW0NG4o,https://www.instagram.com/p/DY3JAW0NG4o/,timballard89 timballardfoundationecuador
DY5N-lgv2nk,https://www.instagram.com/p/DY5N-lgv2nk/,F015 S094 S095 timballard89
DY68VeSRWLh,https://www.instagram.com/p/DY68VeSRWLh/,F015 tbfrescue timballard89
DY7RTyRxXFe,https://www.instagram.com/p/DY7RTyRxXFe/,timballard89 timballardfoundationecuador
DY7gWKljtJG,https://www.instagram.com/p/DY7gWKljtJG/,timballard89 timballardfoundationecuador
DY9-SxElLGl,https://www.instagram.com/p/DY9-SxElLGl/,F007 timballard89
DZDhbeqRmdg,https://www.instagram.com/p/DZDhbeqRmdg/,timballard89 timballardfoundationecuador
DZDiGoTxIAf,https://www.instagram.com/p/DZDiGoTxIAf/,timballard89 timballardfoundationecuador
DZD-Pt8NK88,https://www.instagram.com/p/DZD-Pt8NK88/,timballard89 timballardfoundationecuador
DZFTk6UxJNR,https://www.instagram.com/p/DZFTk6UxJNR/,S002 S011 timballard89
DZFo9cqxKlE,https://www.instagram.com/p/DZFo9cqxKlE/,timballard89 timballardfoundationecuador
DZK_tQqRJgF,https://www.instagram.com/p/DZK_tQqRJgF/,tbfrescue timballard89
DZQawQ9k2Ka,https://www.instagram.com/p/DZQawQ9k2Ka/,tbfrescue timballard89
DZVRq7kEyUZ,https://www.instagram.com/p/DZVRq7kEyUZ/,tbfrescue timballard89
DZXrih5k1Oi,https://www.instagram.com/p/DZXrih5k1Oi/,tbfrescue timballard89
DZXvsmxlGv9,https://www.instagram.com/p/DZXvsmxlGv9/,timballard89 timballardfoundationecuador
DZXwHa9M1am,https://www.instagram.com/p/DZXwHa9M1am/,tbfrescue timballard89 timballardfoundationecuador
DZXzlT3lH4q,https://www.instagram.com/p/DZXzlT3lH4q/,timballard89 timballardfoundationecuador
DZYwZy8omlW,https://www.instagram.com/p/DZYwZy8omlW/,S027 S033 S034 timballard89
DZaXd0eAqQG,https://www.instagram.com/p/DZaXd0eAqQG/,tbfrescue timballard89
DZbIYH-N67o,https://www.instagram.com/p/DZbIYH-N67o/,timballard89 timballardfoundationecuador
DZbJOPKt0i3,https://www.instagram.com/p/DZbJOPKt0i3/,F001 timballard89 timballardfoundationecuador
DZbJxp6NwGC,https://www.instagram.com/p/DZbJxp6NwGC/,F001 tbfrescue timballard89 timballardfoundationecuador
DZbKJAbtfta,https://www.instagram.com/p/DZbKJAbtfta/,F001 timballard89 timballardfoundationecuador
DZfaTURPzpx,https://www.instagram.com/p/DZfaTURPzpx/,tbfrescue timballard89
DZfluJnthsg,https://www.instagram.com/p/DZfluJnthsg/,tbfrescue timballard89
DZfnq3KgCtt,https://www.instagram.com/p/DZfnq3KgCtt/,F017 timballard89
DZnMKqOk7cj,https://www.instagram.com/p/DZnMKqOk7cj/,F017 timballard89
DZpw7eAkoGQ,https://www.instagram.com/p/DZpw7eAkoGQ/,F017 timballard89
DZqBYMBE4Bb,https://www.instagram.com/p/DZqBYMBE4Bb/,tbfrescue timballard89 timballardfoundationecuador
DZsVtFmDOnA,https://www.instagram.com/p/DZsVtFmDOnA/,F017 timballard89
DZsbeSgPp4E,https://www.instagram.com/p/DZsbeSgPp4E/,timballard89 timballardfoundationecuador
DZxhC3uhEUb,https://www.instagram.com/p/DZxhC3uhEUb/,tbfrescue timballard89
DZz4BhCAtyI,https://www.instagram.com/p/DZz4BhCAtyI/,F065 tbfrescue timballard89
DZ3HttmOnFz,https://www.instagram.com/p/DZ3HttmOnFz/,S015 timballard89
DZ348fBxoaS,https://www.instagram.com/p/DZ348fBxoaS/,F066 latterdaychad timballard89
DZ5UuveNRZ6,https://www.instagram.com/p/DZ5UuveNRZ6/,tbfrescue timballard89
DZ723o1BYuX,https://www.instagram.com/p/DZ723o1BYuX/,tbfrescue timballard89
DaA__ojEaiv,https://www.instagram.com/p/DaA__ojEaiv/,tbfrescue timballard89
DaLLFTxE2lo,https://www.instagram.com/p/DaLLFTxE2lo/,tbfrescue timballard89
DaMAg4EjjuE,https://www.instagram.com/p/DaMAg4EjjuE/,F001 tbfrescue timballard89 timballardfoundationecuador
DaMfCjajikC,https://www.instagram.com/p/DaMfCjajikC/,timballard89 timballardfoundationecuador
DaRoJXQAHqR,https://www.instagram.com/p/DaRoJXQAHqR/,F012 F021 timballard89
DaRqNCLNcc0,https://www.instagram.com/p/DaRqNCLNcc0/,timballard89 timballardfoundationecuador
DaYRVqbEUkt,https://www.instagram.com/p/DaYRVqbEUkt/,tbfrescue timballard89 timballardfoundationecuador
DaZIxoeghit,https://www.instagram.com/p/DaZIxoeghit/,F012 F021 F027 timballard89
DaZQ5tKgXKF,https://www.instagram.com/p/DaZQ5tKgXKF/,F012 F021 F027 timballard89
Dadrcf7I8_T,https://www.instagram.com/p/Dadrcf7I8_T/,F041 S055 S056 S057 timballard89
DaeHG_iRap4,https://www.instagram.com/p/DaeHG_iRap4/,S001 S014 timballard89
DafiZTHEaDc,https://www.instagram.com/p/DafiZTHEaDc/,F005 F059 timballard89 timballardfoundationecuador
DafixDmDsUg,https://www.instagram.com/p/DafixDmDsUg/,F028 F046 F067 timballard89
Dafp2bAhCK1,https://www.instagram.com/p/Dafp2bAhCK1/,tbfrescue timballard89
DagzDh-tRot,https://www.instagram.com/p/DagzDh-tRot/,timballard89 timballardfoundationecuador
DaiJV3Bz260,https://www.instagram.com/p/DaiJV3Bz260/,F028 F046 S088 S089 timballard89
DaiNC9apmrB,https://www.instagram.com/p/DaiNC9apmrB/,F038 S086 S087 timballard89
Daim_hYBBXv,https://www.instagram.com/p/Daim_hYBBXv/,S020 timballard89
Dai2O9-E-s5,https://www.instagram.com/p/Dai2O9-E-s5/,tbfrescue timballard89
DakJvF0E9pP,https://www.instagram.com/p/DakJvF0E9pP/,tbfrescue timballard89 timballardfoundationecuador
Dak0ca-k_K1,https://www.instagram.com/p/Dak0ca-k_K1/,tbfrescue timballard89
Dak4P2rE4_-,https://www.instagram.com/p/Dak4P2rE4_-/,tbfrescue timballard89 timballardfoundationecuador
Dak5Zhwxa7c,https://www.instagram.com/p/Dak5Zhwxa7c/,S017 timballard89
Dak_zp0xjzX,https://www.instagram.com/p/Dak_zp0xjzX/,S025 timballard89
DanX0-buZYF,https://www.instagram.com/p/DanX0-buZYF/,F028 S066 S067 timballard89
DancknGk0Y3,https://www.instagram.com/p/DancknGk0Y3/,tbfrescue timballard89
Danhx7ZkySW,https://www.instagram.com/p/Danhx7ZkySW/,tbfrescue timballard89 timballardfoundationecuador
Dan-Vnuog1G,https://www.instagram.com/p/Dan-Vnuog1G/,S036 S038 S040 S042 timballard89
DaooNvmNorU,https://www.instagram.com/p/DaooNvmNorU/,timballard89 timballardfoundationecuador
DaqEHA3IX6X,https://www.instagram.com/p/DaqEHA3IX6X/,S084 timballard89 timballardfoundationecuador
DaqSZMKoNQT,https://www.instagram.com/p/DaqSZMKoNQT/,tbfrescue timballard89 timballardfoundationecuador
DarknEuo1oO,https://www.instagram.com/p/DarknEuo1oO/,tbfrescue timballard89 timballardfoundationecuador
Darqze_oYYa,https://www.instagram.com/p/Darqze_oYYa/,S084 tbfrescue timballard89 timballardfoundationecuador
DatJndXBRwc,https://www.instagram.com/p/DatJndXBRwc/,tbfrescue timballard89 timballardfoundationecuador
Dat0Lr2NBjf,https://www.instagram.com/p/Dat0Lr2NBjf/,F012 F021 F027 F050 timballard89
DauU4sgIf4n,https://www.instagram.com/p/DauU4sgIf4n/,tbfrescue timballard89
DavHbPxO61e,https://www.instagram.com/p/DavHbPxO61e/,F057 S066 S067 timballard89
Dax2S2QPvxa,https://www.instagram.com/p/Dax2S2QPvxa/,tbfrescue timballard89
Dax24tDR_r3,https://www.instagram.com/p/Dax24tDR_r3/,F012 F055 timballard89
Da3PsgaE6zV,https://www.instagram.com/p/Da3PsgaE6zV/,tbfrescue timballard89 timballardfoundationecuador
Da5naHkhvoB,https://www.instagram.com/p/Da5naHkhvoB/,tbfrescue timballard89
Da8ISYmBeeQ,https://www.instagram.com/p/Da8ISYmBeeQ/,tbfrescue timballard89 timballardfoundationecuador
DbBwaw9taN8,https://www.instagram.com/p/DbBwaw9taN8/,tbfrescue timballard89
DbDzrk9E5ra,https://www.instagram.com/p/DbDzrk9E5ra/,tbfrescue timballard89
DbD1s3Ck1Nq,https://www.instagram.com/p/DbD1s3Ck1Nq/,tbfrescue timballard89 timballardfoundationecuador
DbD2ALzx3Az,https://www.instagram.com/p/DbD2ALzx3Az/,F040 timballard89 timballardfoundationecuador
DbGZFesuCrr,https://www.instagram.com/p/DbGZFesuCrr/,tbfrescue timballard89 timballardfoundationecuador
DbG8EBrj8ll,https://www.instagram.com/p/DbG8EBrj8ll/,F022 timballard89
DbJUmsmRN7e,https://www.instagram.com/p/DbJUmsmRN7e/,timballard89 timballardfoundationecuador
DbMZvffoNup,https://www.instagram.com/p/DbMZvffoNup/,F005 F009 timballard89 timballardfoundationecuador
DbTeqhEz020,https://www.instagram.com/p/DbTeqhEz020/,S006 S007 timballard89
DbUFbj0ugbn,https://www.instagram.com/p/DbUFbj0ugbn/,F005 timballard89 timballardfoundationecuador
DbV2Rf2gG9v,https://www.instagram.com/p/DbV2Rf2gG9v/,tbfrescue timballard89
DbWgBqWxqHV,https://www.instagram.com/p/DbWgBqWxqHV/,timballard89 timballardfoundationecuador
DbYW5nuDjy1,https://www.instagram.com/p/DbYW5nuDjy1/,F023 S082 timballard89
DbYaIpnkek4,https://www.instagram.com/p/DbYaIpnkek4/,timballard89 timballardfoundationecuador
DbYds4nEWOX,https://www.instagram.com/p/DbYds4nEWOX/,timballard89 timballardfoundationecuador
DbYnD5WuZBl,https://www.instagram.com/p/DbYnD5WuZBl/,F005 F009 tbfrescue timballard89 timballardfoundationecuador
DbY7G6xBk6A,https://www.instagram.com/p/DbY7G6xBk6A/,F023 S082 S083 timballard89
DbY8Ul4g_nx,https://www.instagram.com/p/DbY8Ul4g_nx/,S075 tbfrescue timballard89
DbbB6GpEVva,https://www.instagram.com/p/DbbB6GpEVva/,tbfrescue timballard89
DbbEJ4lET4q,https://www.instagram.com/p/DbbEJ4lET4q/,tbfrescue timballard89
DbbUF8bR_AF,https://www.instagram.com/p/DbbUF8bR_AF/,F008 S073 timballard89 timballardfoundationecuador
DbbbZzFR6Yt,https://www.instagram.com/p/DbbbZzFR6Yt/,timballard89 timballardfoundationecuador
DbbcuhXxB6F,https://www.instagram.com/p/DbbcuhXxB6F/,timballard89 timballardfoundationecuador
DbbdDK4lPQe,https://www.instagram.com/p/DbbdDK4lPQe/,F008 S072 timballard89 timballardfoundationecuador
DbeIsY2HaFe,https://www.instagram.com/p/DbeIsY2HaFe/,F030 timballard89
DbelSoRDueM,https://www.instagram.com/p/DbelSoRDueM/,F043 S092 S093 timballard89
Dbeo1kUjdQ_,https://www.instagram.com/p/Dbeo1kUjdQ_/,timballard89 timballardfoundationecuador
Dbg2M96gWbN,https://www.instagram.com/p/Dbg2M96gWbN/,timballard89 timballardfoundationecuador
DbiCktQlu0P,https://www.instagram.com/p/DbiCktQlu0P/,F010 F043 timballard89
DbmF2pCxAyH,https://www.instagram.com/p/DbmF2pCxAyH/,timballard89 timballardfoundationecuador
DbmW9PpDV2m,https://www.instagram.com/p/DbmW9PpDV2m/,F040 timballard89 timballardfoundationecuador
DboSBN3uMWI,https://www.instagram.com/p/DboSBN3uMWI/,tbfrescue timballard89 timballardfoundationecuador
DboYTW3qkfk,https://www.instagram.com/p/DboYTW3qkfk/,F023 S083 timballard89
DbonBcRFFo3,https://www.instagram.com/p/DbonBcRFFo3/,timballard89 timballardfoundationecuador
Dbq7n4FD0C8,https://www.instagram.com/p/Dbq7n4FD0C8/,F022 timballard89
DbraLi8jUBK,https://www.instagram.com/p/DbraLi8jUBK/,timballard89 timballardfoundationecuador
DbroLU9N9KA,https://www.instagram.com/p/DbroLU9N9KA/,F035 timballard89 timballardfoundationecuador
DbtR9PulEI4,https://www.instagram.com/p/DbtR9PulEI4/,F035 timballard89 timballardfoundationecuador
DbtTM6MEeI8,https://www.instagram.com/p/DbtTM6MEeI8/,F035 F060 timballard89 timballardfoundationecuador
Dbt5Ip8S1h0,https://www.instagram.com/p/Dbt5Ip8S1h0/,S070 S071 tbfrescue timballard89
Dbt5sW7PtXf,https://www.instagram.com/p/Dbt5sW7PtXf/,S070 S071 tbfrescue timballard89 timballardfoundationecuador
DbvX8i9OeOY,https://www.instagram.com/p/DbvX8i9OeOY/,F005 F009 timballard89 timballardfoundationecuador
DbvxDAtRTn0,https://www.instagram.com/p/DbvxDAtRTn0/,F023 S082 S083 timballard89
DbwQTkZoIJT,https://www.instagram.com/p/DbwQTkZoIJT/,F005 F009 timballard89 timballardfoundationecuador
DbwZiFjzXtO,https://www.instagram.com/p/DbwZiFjzXtO/,S068 S069 S098 S099 timballard89
Dbwg7EBtJCZ,https://www.instagram.com/p/Dbwg7EBtJCZ/,F001 timballard89 timballardfoundationecuador
DbwjtiEtwu3,https://www.instagram.com/p/DbwjtiEtwu3/,timballard89 timballardfoundationecuador
DbwndCXtQ6M,https://www.instagram.com/p/DbwndCXtQ6M/,timballard89 timballardfoundationecuador
Dby-pWRzbyU,https://www.instagram.com/p/Dby-pWRzbyU/,F007 F025 F031 F048 timballard89
Db3LedpBI5n,https://www.instagram.com/p/Db3LedpBI5n/,F005 F009 timballard89 timballardfoundationecuador
Db6ptD2Ce4N,https://www.instagram.com/p/Db6ptD2Ce4N/,tbfrescue timballard89
Db9BAQ3xlpv,https://www.instagram.com/p/Db9BAQ3xlpv/,S021 timballard89
Db9Ny8vxJNF,https://www.instagram.com/p/Db9Ny8vxJNF/,F030 S068 S069 tbfrescue timballard89
Db9UB_KRAAl,https://www.instagram.com/p/Db9UB_KRAAl/,S048 S050 timballard89 timballardfoundationecuador
DcAXA2ogJi_,https://www.instagram.com/p/DcAXA2ogJi_/,S051 timballard89 timballardfoundationecuador
DcBeJMvPje7,https://www.instagram.com/p/DcBeJMvPje7/,tbfrescue timballard89
DcE71n5h8Oq,https://www.instagram.com/p/DcE71n5h8Oq/,timballard89 timballardfoundationecuador
DcJaS2RESBM,https://www.instagram.com/p/DcJaS2RESBM/,tbfrescue timballard89
DcKemmnDF0m,https://www.instagram.com/p/DcKemmnDF0m/,F005 F009 timballard89 timballardfoundationecuador
DcOv7jAo0Wp,https://www.instagram.com/p/DcOv7jAo0Wp/,tbfrescue timballard89
DcPIUYrTUF8,https://www.instagram.com/p/DcPIUYrTUF8/,F007 F031 F048 F051 timballard89
DcRTxhytXGe,https://www.instagram.com/p/DcRTxhytXGe/,tbfrescue timballard89
DcTNioExC0O,https://www.instagram.com/p/DcTNioExC0O/,S009 S013 timballard89
DcZ0eCJO75g,https://www.instagram.com/p/DcZ0eCJO75g/,F042 F053 timballard89 timballardfoundationecuador
DcbvneLsaoZ,https://www.instagram.com/p/DcbvneLsaoZ/,tbfrescue timballard89
DccKL8sOw2G,https://www.instagram.com/p/DccKL8sOw2G/,F038 timballard89
DcjB396IGFD,https://www.instagram.com/p/DcjB396IGFD/,F007 F025 F031 timballard89
DcmnMs-BHaq,https://www.instagram.com/p/DcmnMs-BHaq/,S022 timballard89
DcrToTWhjQG,https://www.instagram.com/p/DcrToTWhjQG/,tbfrescue timballard89 timballardfoundationecuador
DctilJJEYF4,https://www.instagram.com/p/DctilJJEYF4/,S023 timballard89
DcuM1frOFmx,https://www.instagram.com/p/DcuM1frOFmx/,timballard89 timballardfoundationecuador
DcwBeJFOeNN,https://www.instagram.com/p/DcwBeJFOeNN/,F042 timballard89 timballardfoundationecuador
DcwFWzghauE,https://www.instagram.com/p/DcwFWzghauE/,tbfrescue timballard89 timballardfoundationecuador
Dc_-gZZhaLr,https://www.instagram.com/p/Dc_-gZZhaLr/,timballard89 timballardfoundationecuador
DdJ0vkoEZcu,https://www.instagram.com/p/DdJ0vkoEZcu/,tbfrescue timballard89
DdPAlp3uKb7,https://www.instagram.com/p/DdPAlp3uKb7/,tbfrescue timballard89 timballardfoundationecuador
DdT27Q8EYPJ,https://www.instagram.com/p/DdT27Q8EYPJ/,timballard89 timballardfoundationecuador
DdT9zMOxiD6,https://www.instagram.com/p/DdT9zMOxiD6/,timballard89 timballardfoundationecuador
DdUCI4_FOuF,https://www.instagram.com/p/DdUCI4_FOuF/,timballard89 timballardfoundationecuador
DdUuBCCT0-d,https://www.instagram.com/p/DdUuBCCT0-d/,F007 F025 timballard89
DdZydaol4IR,https://www.instagram.com/p/DdZydaol4IR/,tbfrescue timballard89 timballardfoundationecuador
DdcSqnmBnYe,https://www.instagram.com/p/DdcSqnmBnYe/,S053 timballard89 timballardfoundationecuador
DdmOKnRSAWT,https://www.instagram.com/p/DdmOKnRSAWT/,timballard89 timballardfoundationecuador
DdrEayhBSQ2,https://www.instagram.com/p/DdrEayhBSQ2/,tbfrescue timballard89
DdziH28vE_5,https://www.instagram.com/p/DdziH28vE_5/,F015 timballard89
Dd4XwJRxqeo,https://www.instagram.com/p/Dd4XwJRxqeo/,timballard89 timballardfoundationecuador
Dd4aY96RTbD,https://www.instagram.com/p/Dd4aY96RTbD/,timballard89 timballardfoundationecuador
