shortcode,url,posted_utc,why,in_ldc_capture,in_tb_capture
DSghot5ET_3,https://www.instagram.com/p/DSghot5ET_3/,2025-12-21T02:12:18Z,also in timballard89 grid,10-04,1
DU5tCKGAQDQ,https://www.instagram.com/p/DU5tCKGAQDQ/,2026-02-18T13:53:35Z,credits timballard89; also in timballard89 grid,10-04,1
DU6jxJcEvqr,https://www.instagram.com/p/DU6jxJcEvqr/,2026-02-18T21:52:42Z,also in timballard89 grid,10-04,1
DU_DpXzgafm,https://www.instagram.com/p/DU_DpXzgafm/,2026-02-20T15:48:00Z,credits timballard89; also in timballard89 grid,10-04,1
DVC61j0gVvk,https://www.instagram.com/p/DVC61j0gVvk/,2026-02-22T03:47:37Z,credits timballard89; also in timballard89 grid,10-04,1
DVMDNEjgf3v,https://www.instagram.com/p/DVMDNEjgf3v/,2026-02-25T16:54:22Z,credits timballard89; also in timballard89 grid,10-04,1
DWhOINgDwip,https://www.instagram.com/p/DWhOINgDwip/,2026-03-30T18:43:45Z,credits timballard89; also in timballard89 grid,10-04,1
DW99EnrgVYo,https://www.instagram.com/p/DW99EnrgVYo/,2026-04-10T22:33:19Z,credits timballard89; also in timballard89 grid,10-04,1
DXQTcYlgZ5c,https://www.instagram.com/p/DXQTcYlgZ5c/,2026-04-18T01:34:57Z,credits timballard89; also in timballard89 grid,10-04,1
DYYCz6ShubB,https://www.instagram.com/p/DYYCz6ShubB/,2026-05-15T22:19:19Z,also in timballard89 grid,10-04,1
DZ348fBxoaS,https://www.instagram.com/p/DZ348fBxoaS/,2026-06-22T03:40:33Z,credits timballard89; also in timballard89 grid,10-04,1
DdkNuYIvuN3,https://www.instagram.com/p/DdkNuYIvuN3/,2026-09-21T22:20:59Z,credits timballard89; also in timballard89 grid,10-04,1
