pair,shared_posts_before_2026-02-18,shared_posts_from_2026-02-18,first_shared_utc_date
LDC-C,434,139,2024-03-28
LDC-D,37,51,2024-10-12
LDC-H,63,4,2024-07-14
C-D,29,32,2025-05-11
H-C,13,5,2024-06-13
K-LDC,8,7,2024-09-19
LDC-B,11,4,2025-04-01
A-LDC,8,6,2025-04-02
LDC-TB,1,12,2025-12-21
E-LDC,6,2,2025-01-30
B-D,5,1,2025-07-03
A-D,1,5,2026-01-29
TB-D,0,6,2026-02-20
LDC-G,0,6,2026-02-21
K-D,0,6,2026-04-11
A-TB,0,5,2026-02-18
A-B,2,2,2025-04-27
LDC-F,2,2,2025-09-27
A-E,2,1,2025-04-02
LDC-I,2,1,2025-05-23
B-TB,0,3,2026-02-18
G-D,0,3,2026-02-21
H-D,0,3,2026-03-19
K-C,0,3,2026-04-13
E-D,1,1,2025-01-30
E-K,2,0,2025-04-02
E-C,1,1,2025-06-12
F-C,1,1,2026-02-01
A-C,0,2,2026-02-18
TB-C,0,2,2026-02-18
F-TB,1,1,2025-11-09
B-G,0,2,2026-03-30
G-TB,0,2,2026-03-30
G-C,0,2,2026-04-09
K-TB,0,2,2026-04-18
K-B,1,0,2025-04-01
A-K,1,0,2025-04-02
E-B,1,0,2025-04-27
A-F,1,0,2025-09-27
B-C,0,1,2026-02-18
E-TB,0,1,2026-02-22
F-B,0,1,2026-03-30
F-G,0,1,2026-03-30
E-H,0,1,2026-04-04
LDC-J,0,1,2026-04-10
H-I,0,1,2026-04-10
H-J,0,1,2026-04-10
H-TB,0,1,2026-04-10
I-J,0,1,2026-04-10
I-TB,0,1,2026-04-10
J-TB,0,1,2026-04-10
K-G,0,1,2026-04-18
H-G,0,1,2026-04-09
